Author,Nr,Cover,Farben,Schwierigkeit,Spieldauer,Siegesbedingung,Setname,Kartentypen,Kreaturentypen,Kategorien
O,1,https://scryfall.com/card/5dn/131/helm-of-kaldra,RW,Leicht,Mittel,Kreaturenschaden,,Ausrüstungen,,
O,2,https://scryfall.com/card/tkhm/1/shard,WU,Mittel,Langsam,Unterstützer,,Verzauberungen,,"Kontrolle,Verteidiger"
O,3,https://scryfall.com/card/afc/1/galea-kindler-of-hope,GWU,Leicht,Schnell,Kreaturenschaden,,Auren,,Karten-Ziehen
O,4,https://scryfall.com/card/khm/142/magda-brazen-outlaw,R,Mittel,Mittel,Kreaturenschaden,Kaldheim,Ausrüstungen,"Zwerge,Drachen",Schätze
O,5,https://scryfall.com/card/pca/33/ink-eyes-servant-of-oni,B,Mittel,Mittel,Kreaturenschaden,,,Ratten,Viele Kreaturen
O,6,https://scryfall.com/card/khm/86/de/draugr-nekromagier,UBG,Schwer,Mittel,Kreaturenschaden,,,,"Armageddon,Friedhof,Rampe"
O,7,https://scryfall.com/card/afr/220/drizzt-dourden,RGW,Leicht,Mittel,Kreaturenschaden,Dungeons&Dragons,Ausrüstungen,,Angreifer
O,8,https://scryfall.com/card/dst/114/darksteel-reactor,URG,Schwer,Langsam,Sondersieg,,Artefakte,,"Ladungsmarken,Rampe,Wenige Kreaturen"
O,9,https://scryfall.com/card/c21/224/master-biomancer,GU,Mittel,Mittel,Kreaturenschaden,,,,"Karten-Ziehen,+1/+1-Marken"
O,10,https://scryfall.com/card/afr/82/wizards-spellbook,UR,Schwer,Langsam,Gebrechen,Dungeons&Dragons,"Hexereien,Spontanzauber",,"Würfeln,Friedhof"
O,11,https://scryfall.com/card/cns/144/heartless-hidetsugu,BR,Leicht,Mittel,Kreaturenschaden,,,,"Abwerfen,Scharfschütze,Wenige Kreaturen"
O,12,https://scryfall.com/card/afr/252/treasure-chest,BRG,Leicht,Mittel,Kreaturenschaden,Dungeons&Dragons,,,Schätze
O,13,https://scryfall.com/card/afr/223/gretchen-titchwillow,GU,Mittel,Langsam,Kreaturenschaden,,Länder,,"Rampe,Karten-Ziehen,Starke Kreaturen"
O,14,https://scryfall.com/card/plist/259/isochron-scepter,UR,Schwer,Langsam,Kreaturenschaden,,"Hexereien,Spontanzauber",,"Friedhof,Neutralisieren,Scharfschütze"
O,15,https://scryfall.com/card/khm/154/toralf-god-of-fury-toralfs-hammer,RW,Leicht,Mittel,Zauberschaden,,,,"Scharfschütze,Armageddon,Wenige Kreaturen"
O,16,https://scryfall.com/card/5dn/148/salvaging-station,WUB,Schwer,Langsam,Gebrechen,,Artefakte,,"Friedhof,Opfern"
O,17,https://cdn.shopify.com/s/files/1/1601/3103/products/Lolth_QueenofSpiders_1200x.jpg?v=1622967040,BG,Mittel,Langsam,Kreaturenschaden,,,Spinnen,"Scharfschütze,Todesberührung,Reichweite"
O,18,https://media.magic.wizards.com/images/wallpaper/sarulf_realm_eater_khm_tablet_wallpaper.jpg,BRGW,Schwer,Langsam,Kreaturenschaden,,,,"Rampe,Scharfschütze,Armageddon,Wenige Kreaturen"
O,19,https://cdn11.bigcommerce.com/s-zzauv1ua/images/stencil/1280x1280/products/237790/248469/d8bbaaa4-1da0-4ebd-a308-fa7530e636a3__65553.1613238793.jpg?c=2,GU,Mittel,Langsam,Kreaturenschaden,,,,"Neutralisieren,Karten-Ziehen"
T,20,https://mtgazone.com/wp-content/uploads/2021/07/Grand-Master-of-Flowers-Art-by-Yongjae-Choi.jpg,WU,Mittel,Langsam,Kreaturenschaden,,,,"Kontrolle,Karten-ziehen"
O,21,https://scryfall.com/card/mrd/230/proteus-staff,WU,Schwer,Endlos,Kreaturenschaden,,Artefakte,,"Blinker,Karten-ziehen,Wenig Kreaturen,Friedhof"
T,22,https://scryfall.com/card/afr/241/the-deck-of-many-things,UR,Mittel,Mittel,Sondersieg,Dungeons&Dragons,,,Würfeln
O,23,https://scryfall.com/card/rtr/99/lobber-crew,RG,Leicht,Langsam,Gebrechen,,,,"Scharfschütze, Verteidiger"
O,24,https://scryfall.com/card/bok/151/genju-of-the-realm,WUBRG,Mittel,Langsam,Kreaturenschaden,Kamigawa,Verzauberungen,,"Rampe,Schrein,Friedhof"
O,25,https://scryfall.com/card/afr/236/trelasarra-moon-dancer,GW,Leicht,Mittel,Kreaturenschaden,Dungeons&Dragons,,,"Heiler,+1/+1-Marken,Angreifer"
O,26,https://scryfall.com/card/afc/4/vrondiss-rage-of-ancients,URG,Mittel,Mittel,Kreaturenschaden,Dungeons&Dragons,,Drachen,"Würfeln,Angreifer"
O,27,https://media.magic.wizards.com/images/hero/9rlrf3fswq_icon.jpg,BG,Leicht,Mittel,Kreaturenschaden,Kaldheim,,Elfen,"Viele Kreaturen,Friedhof"
O,28,https://www.artofmtg.com/wp-content/uploads/2021/05/Tiamat-Variant-Adventures-in-the-Forgotten-Realms-MtG-Art.jpg,RG,Mittel,Mittel,Kreaturenschaden,Dungeons&Dragons,,Drachen,Angreifer
O,29,https://scryfall.com/card/ths/187/ashen-rider,WB,Mittel,Langsam,Kreaturenschaden,,,,"Karten-Ziehen,Abwerfen,Blinker,Friedhof"
O,30,https://scryfall.com/card/afr/75/soulknife-spy,UB,Schwer,Mittel,Kreaturenschaden,Dungeons&Dragons,,Räuber,"Verrat,Mill"
O,31,https://scryfall.com/card/khm/167/elvish-warmaster,G,Leicht,Mittel,Kreaturenschaden,Kaldheim,,Elfen,"Viele Kreaturen,Rampe"
O,32,https://scryfall.com/card/afr/147/hobgoblin-bandit-lord,R,Leicht,Schnell,Kreaturenschaden,Dungeons&Dragons,,Goblins,"Viele Kreaturen,Angreifer"
O,33,https://cdna.artstation.com/p/assets/images/images/033/058/360/large/caroline-gariba-lathril-mtg.jpg?1608258729,BG,Mittel,Mittel,Kreaturenschaden,Kaldheim,,Elfen,"Viele Kreaturen,Friedhof"
O,34,https://scryfall.com/card/afr/237/triumphant-adventurer,WUB,Schwer,Mittel,Kreaturenschaden,Dungeons&Dragons,,,"Gewölbe,Angreifer"
O,35,https://scryfall.com/card/stx/245/velomachus-lorehold,RW,Mittel,Mittel,Zauberschaden,Strixhaven,Hexereien,Drachen,"Wenige Kreaturen,Karten-Ziehen"
O,36,https://scryfall.com/card/5dn/137/mycosynth-golem,U,Leicht,Mittel,Kreaturenschaden,Mirrodin,Artefakte,,Viele Kreaturen
O,37,https://scryfall.com/card/gtc/143/aurelia-the-warleader,RW,Leicht,Schnell,Kreaturenschaden,,,Menschen,"Angreifer,Viele Kreaturen"
O,38,https://scryfall.com/card/c15/260/orochi-hatchery,G,Mittel,Mittel,Kreaturenschaden,Kamigawa,,Ophis,"Rampe,Viele Kreaturen,+1/+1-Marken"
O,39,https://scryfall.com/card/10e/321/doubling-cube,RG,Mittel,Langsam,Kreaturenschaden,,Länder,,"Rampe,Wenige Kreaturen,Starke Kreaturen,+1/+1-Marken"
O,40,https://scryfall.com/card/bok/18/oyobi-who-split-the-heavens,WUBRG,Schwer,Langsam,Kreaturenschaden,Kamigawa,,Geister,Viele Kreaturen
O,41,https://scryfall.com/card/chk/241/seshiro-the-anointed,G,Mittel,Mittel,Kreaturenschaden,Kamigawa,,Ophis,Viele Kreaturen
O,42,https://scryfall.com/card/khm/26/runeforge-champion,RW,Mittel,Schnell,Kreaturenschaden,Kaldheim,Auren,,"Karten-Ziehen,Friedhof"
O,43,https://scryfall.com/card/ktk/108/dragon-style-twins,RG,Leicht,Schnell,Kreaturenschaden,,Verstärkungszauber,,"Doppelschlag,Angreifer"
O,44,https://scryfall.com/card/afr/32/plate-armor,RW,Leicht,Schnell,Kreaturenschaden,,Ausrüstungen,Ritter,Angreifer
O,45,https://1.bp.blogspot.com/-76ZRYMzEekQ/YBaqyz-uGGI/AAAAAAAChmI/lOB-u-nppUwz_v2MD4X-qs4If82O2cVEgCLcBGAsYHQ/s1500/Koll%252C%2Bthe%2BForgemaster%2B%2528Kaldheim%2529%2Bby%2BNicolas%2BDelort.jpg,RW,Mittel,Schnell,Kreaturenschaden,Kaldheim,Ausrüstungen,Zwerge,"Angreifer,Schätze"
O,46,https://preview.redd.it/xow10xhf34a61.jpg?width=640&crop=smart&auto=webp&s=e96d8a71d66c26769a74a0dd5dcb1d229e03add1,BR,Schwer,Langsam,Kreaturenschaden,Dungeons&Dragons,,,"Verrat,Schätze"
O,47,https://scryfall.com/card/khm/179/jorn-god-of-winter-kaldring-the-rimestaff,UBG,Mittel,Mittel,Kreaturenschaden,Kaldheim,,,"Rampe,Friedhof"
O,48,https://i.etsystatic.com/8788928/r/il/b23f03/2864288129/il_794xN.2864288129_sajp.jpg,BR,Leicht,Mittel,Kreaturenschaden,,,,"Gegner-Opfern,Abwerfen,Verrat"
O,49,https://scryfall.com/card/khm/237/cosmos-elixir,W,Leicht,Langsam,Kreaturenschaden,,,"Engel,Kleriker","Heiler,Viele Kreaturen"
O,50,https://scryfall.com/card/khm/393/rampage-of-the-valkyries,WB,Mittel,Mittel,Kreaturenschaden,Kaldheim,,Engel,"Gegner-Opfern,Friedhof"
O,51,https://scryfall.com/card/gtc/186/paranoid-delusions,UB,Mittel,Langsam,Mill,,,,"Mill,Karten-Ziehen,Angreifer"
O,52,https://scryfall.com/card/dgm/90/pilfered-plans,UBR,Leicht,Mittel,Mill,,Hexereien,,"Mill,Wenig Kreaturen"
O,53,https://scryfall.com/card/khm/199/vorinclex-monstrous-raider,GW,Mittel,Mittel,Kreaturenschaden,,,,"Wachsamkeit,+1/+1-Marken,Verteidiger"
O,54,https://static.wikia.nocookie.net/mtgsalvation_gamepedia/images/3/37/Cosima.jpg/revision/latest/scale-to-width-down/2000?cb=20211208145630,WU,Mittel,Mittel,Kreaturenschaden,,Fahrzeuge,,Friedhof
O,55,https://scryfall.com/card/cmr/407/stormtide-leviathan,WU,Leicht,Mittel,Kreaturenschaden,,,,"Fliegend,Viele Kreaturen"
O,56,https://www.deviantart.com/akreon/art/Kaya-864725807,WB,Mittel,Langsam,Gebrechen,,,,"Abnötigen,Heiler"
O,57,https://www.polygon.com/22561150/dungeons-dragons-magic-the-gathering-crossover-afr-card-reveal-preview-mordenkainen,GU,Schwer,Langsam,Kreaturenschaden,,,Gestaltwandler,"Rampe,Karten-Ziehen,Viele Kreaturen"
O,58,https://scryfall.com/card/dgm/64/debt-to-the-deathless,WB,Leicht,Langsam,Zauberschaden,,,,"Scharfschütze,Rampe"
O,59,https://scryfall.com/card/m15/217/grindclock,WUBRG,Mittel,Langsam,Mill,,Artefakte,,"Mill,Ladungsmarken"
O,60,https://scryfall.com/card/c21/253/myr-battlesphere,WBG,Mittel,Langsam,Kreaturenschaden,,Artefakte,Myr,"Viele Kreaturen,Rampe,Friedhof"
O,61,https://scryfall.com/card/rav/225/savra-queen-of-the-golgari,UBG,Schwer,Langsam,Kreaturenschaden,,,Skelette,"Viele Kreaturen,Opfern,Friedhof"
O,62,https://scryfall.com/card/khm/123/birgi-god-of-storytelling-harnfel-horn-of-bounty,BR,Mittel,Mittel,Kreaturenschaden,Kaldheim,,"Berserker,Drachen","Prahlen,Angreifer"
O,63,https://scryfall.com/card/khm/40/alrund-god-of-the-cosmos-hakka-whispering-raven,WU,Schwer,Langsam,Kreaturenschaden,Kaldheim,,,"Vorherbestimmung,Kontrolle,Karten-Ziehen,Fliegend"
O,64,https://scryfall.com/card/afr/28/oswald-fiddlebender,WUR,Mittel,Langsam,Mill,,Artefakte,,"Opfern,Friedhof,Mill"
O,65,https://scryfall.com/card/afr/242/dungeon-map,WUB,Schwer,Mittel,Kreaturenschaden,Dungeons&Dragons,,,"Gewölbe,Angreifer"
O,66,https://scryfall.com/card/afr/91/the-book-of-vile-darkness,UB,Schwer,Langsam,Kreaturenschaden,Dungeons&Dragons,,,"Gewölbe,Angreifer,Karten-Ziehen"
P,67,https://scryfall.com/card/mid/112/the-meathook-massacre,UB,Mittel,Langsam,Kreaturenschaden,Innistrad,,Zombies,"Friedhof,Viele Kreaturen"
P,68,https://scryfall.com/card/stx/240/tanazir-quandrix,GU,Mittel,Mittel,Kreaturenschaden,,,,"Neutralisieren,+1/+1-Marken"
P,69,https://scryfall.com/card/isd/180/full-moons-rise,RG,Mittel,Mittel,Kreaturenschaden,Innistrad,,"Wölfe,Werwölfe","Angreifer,Tag/Nacht"
P,70,https://scryfall.com/card/afr/120/skullport-merchant,BR,Mittel,Langsam,Kreaturenschaden,Dungeons&Dragons,,,Schätze
P,71,https://scryfall.com/card/gtc/203/unexpected-results,GU,Mittel,Mittel,Kreaturenschaden,Ikoria,,,"Mutation,+1/+1-Marken"
P,72,https://scryfall.com/card/thb/18/heliod-sun-crowned,W,Mittel,Mittel,Kreaturenschaden,Theros,Verzauberungen,,"Heiler,Göttergabe"
O,73,https://scryfall.com/card/bng/151/mogis-god-of-slaughter,BR,Schwer,Langsam,Kreaturenschaden,,,,"Angreifer,Armageddon,Friedhof"
O,74,https://scryfall.com/card/afr/239/xanathar-guild-kingpin,UB,Schwer,Langsam,Mill,,,,"Mill,Selbst-Mill,Verrat"
O,75,https://scryfall.com/card/khm/125/calamity-bearer,UR,Mittel,Mittel,Kreaturenschaden,Kaldheim,,Riesen,"Starke Kreaturen,Angreifer"
O,76,https://scryfall.com/card/khm/200/aegar-the-freezing-flame,UR,Mittel,Mittel,Kreaturenschaden,Kaldheim,,Riesen,"Starke Kreaturen,Armageddon"
O,77,https://scryfall.com/card/khm/58/frostpyre-arcanist,UR,Mittel,Mittel,Kreaturenschaden,Kaldheim,,Riesen,"Starke Kreaturen,Scharfschütze"
O,78,https://scryfall.com/card/afc/55/storvald-frost-giant-jarl,GWU,Schwer,Langsam,Kreaturenschaden,Kaldheim,,Riesen,"Starke Kreaturen,Armageddon"
P,79,https://scryfall.com/card/stx/37/archmage-emeritus,WUR,Schwer,Langsam,Kreaturenschaden,Strixhaven,,,"Lektion,Magiefertigkeit,Kontrolle,Karten-Ziehen"
P,80,https://scryfall.com/card/khm/33/starnheim-unleashed,WB,Mittel,Mittel,Kreaturenschaden,Kaldheim,,"Engel,Kleriker","Heiler,Viele Kreaturen"
P,81,https://scryfall.com/card/stx/163/beledros-witherbloom,BG,Mittel,Langsam,Gebrechen,Strixhaven,,,"Lektion,Heiler,Opfern"
P,82,https://scryfall.com/card/ths/89/gray-merchant-of-asphodel,B,Mittel,Mittel,Kreaturenschaden,,,,"Gegner-Opfern,Abwerfen,Verrat,Scharfschütze"
P,83,https://scryfall.com/card/isd/231/runechanters-pike,UR,Mittel,Langsam,Kreaturenschaden,,,,"Lektion,Karten-Ziehen,Kontrolle,Friedhof"
P,84,https://scryfall.com/card/eld/237/witchs-oven,BG,Schwer,Langsam,Gebrechen,Eldraine,,,"Speisen,Opfern,Friedhof"
O,85,https://scryfall.com/card/c20/96/odric-master-tactician,RGW,Leicht,Mittel,Kreaturenschaden,,,,"Angreifer,Viele Kreaturen"
O,86,https://scryfall.com/card/afr/227/minsc-beloved-ranger,RGW,Schwer,Langsam,Kreaturenschaden,,Länder,,"Rampe,Friedhof,Starke Kreaturen"
O,87,https://scryfall.com/card/stx/250/zimone-quandrix-prodigy,GU,Schwer,Langsam,Kreaturenschaden,,Länder,,"Rampe,Karten-Ziehen,Lektion"
O,88,https://scryfall.com/card/som/104/spikeshot-elder,R,Leicht,Mittel,Gebrechen,,Ausrüstungen,,"Rampe,Scharfschütze"
O,89,https://scryfall.com/card/a25/216/ruric-thar-the-unbowed,RG,Leicht,Mittel,Kreaturenschaden,,,,"Rampe,Starke Kreaturen"
O,90,https://scryfall.com/card/khm/120/arni-brokenbrow,RG,Leicht,Mittel,Kreaturenschaden,,,,"Rampe,Starke Kreaturen,Angreifer"
O,91,https://scryfall.com/card/m14/172/garruk-caller-of-beasts,GU,Leicht,Mittel,Kreaturenschaden,,,Bestien,"Starke Kreaturen,Karten-Ziehen"
O,92,https://scryfall.com/card/c19/182/soul-of-zendikar,G,Leicht,Langsam,Kreaturenschaden,,,Bestien,"Rampe,Viele Kreaturen,Karten-Ziehen"
O,93,https://scryfall.com/card/gtc/133/skarrg-goliath,G,Leicht,Mittel,Kreaturenschaden,,,Bestien,"Starke Kreaturen,Angreifer"
O,94,https://scryfall.com/card/khm/364/in-search-of-greatness,G,Schwer,Langsam,Kreaturenschaden,,,,"Rampe,Friedhof,Starke Kreaturen"
O,95,https://scryfall.com/card/chk/30/konda-lord-of-eiganjo,RGW,Schwer,Langsam,Kreaturenschaden,,,Samurai,Verteidiger
O,96,https://media.wizards.com/2021/images/daily/c4rd4r7_KsofAYGhOp.jpg,RG,Mittel,Langsam,Kreaturenschaden,,,,"Legendäre Kreaturen,Viele Kreaturen,Rampe"
P,97,https://scryfall.com/card/mid/222/fleshtaker,WB,Schwer,Langsam,Kreaturenschaden,Innistrad,,,"Viele Kreaturen,Opfern,Heiler"
P,98,https://scryfall.com/card/thb/55/nadir-kraken,B,Schwer,Langsam,Kreaturenschaden,,,,"Karten-Ziehen,Neutralisieren,Kontrollieren"
P,99,https://scryfall.com/card/vow/225/ulvenwald-oddity-ulvenwald-behemoth,G,Mittel,Mittel,Kreaturenschaden,,,,"Rampe,Starke Kreaturen"
P,100,https://scryfall.com/card/khm/179/jorn-god-of-winter-kaldring-the-rimestaff,UBG,Mittel,Mittel,Kreaturenschaden,,,,"Rampe,Karten-Ziehen,Friedhof"
P,101,https://scryfall.com/card/mid/230/katilda-dawnhart-prime,GW,Mittel,Langsam,Kreaturenschaden,,,Menschen,"Viele Kreaturen,+1/+1-Marken"
O,102,https://scryfall.com/card/khm/63/icebreaker-kraken,UBG,Mittel,Langsam,Kreaturenschaden,Kaldheim,,,"Rampe,Friedhof,Karten-Ziehen,Kontrolle"
O,103,https://www.artofmtg.com/wp-content/uploads/2020/04/Zaxara-the-Exemplary-Commader-2020-MtG-Art.jpg,UBRG,Schwer,Langsam,Kreaturenschaden,,"Hexereien,Spontanzauber",,"Rampe,Scharfschütze"
O,104,https://scryfall.com/card/khm/275/the-world-tree,WUBRG,Schwer,Langsam,Kreaturenschaden,Kaldheim,,,"Rampe,Friedhof,Karten-Ziehen"
O,105,https://static.wikia.nocookie.net/mtgsalvation_gamepedia/images/d/df/JaredCarthalion.jpg/revision/latest/scale-to-width-down/490?cb=20220828210430,WUBRG,Mittel,Mittel,Kreaturenschaden,,,,"Rampe,Starke Kreaturen"
O,106,https://i.redd.it/ehxtseyuk4d91.jpg,RWB,Schwer,Langsam,Kreaturenschaden,,,,"Legendäre Kreaturen,Friedhof,Karten-Ziehen"
O,107,https://cdnb.artstation.com/p/assets/images/images/022/297/083/large/ekaterina-burmak-itzama.jpg?1574877441,WUBRG,Schwer,Langsam,Kreaturenschaden,,,,"Rampe,Legendäre Kreaturen,Viele Kreaturen"
O,108,https://scryfall.com/card/dmc/15/unite-the-coalition,WUBRG,Mittel,Langsam,Kreaturenschaden,,,,"Rampe,Viele Kreaturen"
O,109,https://scryfall.com/card/afr/58/feywild-trickster,UR,Schwer,Langsam,Kreaturenschaden,,"Hexereien,Spontanzauber",,"Würfeln,Karten-Ziehen"
T,110,https://scryfall.com/card/neo/451/thousand-faced-shadow,UB,Mittel,Mittel,Kreaturenschaden,Kamigawa,,"Ninjas,Räuber",Ninjutsu
O,111,https://scryfall.com/card/stx/212/practical-research,UR,Schwer,Endlos,Zauberschaden,,"Hexereien,Spontanzauber",,"Karten-Ziehen,Scharfschütze,Friedhof"
O,112,https://scryfall.com/card/afr/166/wish,UR,Schwer,Langsam,Sondersieg,,"Hexereien,Spontanzauber",,"Neutralisieren,Karten-Ziehen,Wenige Kreaturen"
O,113,https://scryfall.com/card/khm/170/fynn-the-fangbearer,BG,Leicht,Schnell,Giftmarken,,,,"Todesberührung,Scharfschütze,Angreifer"
O,114,https://scryfall.com/card/afr/181/ellywick-tumblestrum,GWU,Mittel,Langsam,Kreaturenschaden,,,,"Gewölbe,Rampe,Viele Kreaturen"
O,115,https://scryfall.com/card/afc/7/de/unbewegliches-zepter,WU,Mittel,Mittel,Kreaturenschaden,,,,"Gewölbe,Angreifer,Kontrolle"
O,116,https://scryfall.com/card/afr/209/varis-silverymoon-ranger,WUBG,Mittel,Langsam,Kreaturenschaden,,,,"Gewölbe,Angreifer,Viele Kreaturen,Friedhof"
O,117,https://scryfall.com/card/khc/90/poison-tip-archer,WUBG,Mittel,Langsam,Gebrechen,,,,"Gewölbe,Viele Kreaturen,Friedhof"
O,118,https://scryfall.com/card/neo/357/fable-of-the-mirror-breaker-reflection-of-kiki-jiki,BR,Mittel,Mittel,Gebrechen,,Artefakte,,"Karten-Ziehen,Opfern"
O,119,https://scryfall.com/card/neo/137/dragonspark-reactor,BR,Mittel,Langsam,Gebrechen,,Artefakte,,"Opfern,Schätze,Friedhof"
O,120,https://scryfall.com/card/khm/169/esikas-chariot,BG,Leicht,Mittel,Kreaturenschaden,,Länder,,"Rampe,Starke Kreaturen"
O,121,https://scryfall.com/card/nec/6/drumbellower,RW,Leicht,Mittel,Kreaturenschaden,,Artefakte,,"Enttappen,Friedhof"
O,122,https://scryfall.com/card/afr/127/de/gruftschrecken,BG,Leicht,Mittel,Kreaturenschaden,,,Zombies,"Todesberührung,Scharfschütze,Angreifer"
O,123,https://scryfall.com/card/gtc/220/immortal-servitude,WUB,Mittel,Mittel,Kreaturenschaden,,,,"Gewölbe,Friedhof"
O,124,https://scryfall.com/card/afr/143/flameskull,R,Leicht,Schnell,Kreaturenschaden,,Ausrüstungen,,Angreifer
O,125,https://scryfall.com/card/dka/93/hellrider,R,Mittel,Schnell,Kreaturenschaden,,,,"Angreifer,Viele Kreaturen"
O,126,https://scryfall.com/card/bok/89/toshiro-umezawa,B,Mittel,Mittel,Kreaturenschaden,,Spontanzauber,,"Scharfschütze,Friedhof,Wenige Kreaturen"
O,127,https://scryfall.com/card/khc/2/ranar-the-ever-watchful,WU,Schwer,Langsam,Unterstützer,,,,"Vorherbestimmung,Kontrolle,Blinker,Friedhof"
O,128,https://scryfall.com/card/khc/82/brago-king-eternal,WU,Schwer,Langsam,Kreaturenschaden,,Verzauberungen,,"Kontrolle,Karten-Ziehen,Friedhof,Blinker"
O,129,https://scryfall.com/card/nec/136/dance-of-the-manse,WUR,Schwer,Mittel,Kreaturenschaden,,Verzauberungen,,"Karten-Ziehen,Friedhof"
O,130,https://scryfall.com/card/neo/222/hinata-dawn-crowned,WUR,Mittel,Mittel,Kreaturenschaden,,Spontanzauber,,"Fliegend,Scharfschütze,Neutralisieren"
O,131,https://scryfall.com/card/afr/238/volo-guide-to-monsters,GU,Leicht,Mittel,Kreaturenschaden,,,,"Hintergrund,Rampe,Karten-Ziehen,Friedhof"
O,132,https://scryfall.com/card/neo/459/nashi-moon-sages-scion,BG,Mittel,Mittel,Sondersieg,,Ausrüstungen,,Todesberührung
O,133,https://scryfall.com/card/bok/19/patron-of-the-kitsune,GW,Leicht,Mittel,Kreaturenschaden,,Verzauberungen,,"Heiler,+1/+1-Marken,Viele Kreaturen"
O,134,https://scryfall.com/card/neo/224/isshin-two-heavens-as-one,RWB,Mittel,Mittel,Kreaturenschaden,,,,"Angreifer,Friedhof"
O,135,https://scryfall.com/card/neo/221/hidetsugu-consumes-all-vessel-of-the-all-consuming?back,BRG,Mittel,Schnell,Sondersieg,,"Ausrüstungen,Auren",,"Angreifer,Karten-Ziehen"
O,136,https://scryfall.com/card/mrd/219/nightmare-lash,B,Mittel,Mittel,Kreaturenschaden,,"Ausrüstungen, Länder",,"Scharfschütze,Rampe"
O,137,https://scryfall.com/card/nec/37/go-shintai-of-lifes-origin,WUBRG,Mittel,Langsam,Kreaturenschaden,Kamigawa,Verzauberungen,,"Schrein,Rampe,Friedhof"
O,138,https://scryfall.com/card/khm/171/glittering-frost,WUBRG,Mittel,Langsam,Kreaturenschaden,Kamigawa,Verzauberungen,,"Schrein,Rampe,Friedhof"
O,139,https://scryfall.com/card/neo/399/satsuki-the-living-lore,GW,Mittel,Langsam,Kreaturenschaden,Kamigawa,Sagen,,"Rampe,Friedhof"
O,140,https://scryfall.com/card/c20/218/karametra-god-of-harvests,GW,Mittel,Mittel,Kreaturenschaden,Kamigawa,"Verzauberungen,Länder",,"Rampe,Friedhof"
O,141,https://scryfall.com/card/neo/394/shigeki-jukai-visionary,GW,Mittel,Mittel,Kreaturenschaden,Kamigawa,Verzauberungen,,"Rampe,Friedhof"
O,142,https://scryfall.com/card/neo/307/%7Caedngyts-bytptkrwftrh,WU,Schwer,Langsam,Kreaturenschaden,,Artefakte,,"Kontrolle,Karten-Ziehen,Friedhof"
O,143,https://scryfall.com/card/neo/471/scrap-welder,RW,Mittel,Langsam,Kreaturenschaden,,Artefakte,,"Karten-Ziehen,Friedhof"
O,144,https://scryfall.com/card/neo/181/the-dragon-kami-reborn-dragon-kamis-egg,BRG,Schwer,Mittel,Kreaturenschaden,,,Drachen,"Rampe,Armageddon"
O,145,https://scryfall.com/card/neo/438/kyodai-soul-of-kamigawa,WUR,Mittel,Endlos,Kreaturenschaden,,Artefakte,,"Rampe,Friedhof,Karten-Ziehen"
O,146,https://scryfall.com/card/afr/121/sphere-of-annihilation,WBG,Schwer,Langsam,Kreaturenschaden,,,,"Heiler,Armageddon"
O,147,https://scryfall.com/card/neo/433/ao-the-dawn-sky,GW,Schwer,Langsam,Kreaturenschaden,Kamigawa,,Geister,"Rampe,Viele Kreaturen,Seelenwanderung"
O,148,https://scryfall.com/card/sok/151/iname-as-one,BG,Schwer,Mittel,Kreaturenschaden,Kamigawa,,Geister,"Rampe,Starke Kreaturen,Seelenwanderung"
O,149,https://scryfall.com/card/m13/113/vampire-nocturnus,B,Leicht,Mittel,Kreaturenschaden,,,Vampire,Viele Kreaturen
O,150,https://scryfall.com/card/cma/211/bonehoard,WB,Leicht,Mittel,Kreaturenschaden,,,,"Abwerfen,Mill,Armageddon,Friedhof"
O,151,https://scryfall.com/card/nec/75/kotori-pilot-prodigy,WU,Mittel,Schnell,Kreaturenschaden,Kamigawa,Fahrzeuge,Piloten,
O,152,https://scryfall.com/card/nec/4/shorikai-genesis-engine,WU,Mittel,Schnell,Kreaturenschaden,Kamigawa,Fahrzeuge,Piloten,
O,153,https://scryfall.com/card/neo/485/greasefang-okiba-boss,WB,Mittel,Mittel,Kreaturenschaden,Kamigawa,Fahrzeuge,,Friedhof
O,154,https://scryfall.com/card/neo/117/okiba-reckoner-raid-nezumi-road-captain?back,WB,Mittel,Mittel,Kreaturenschaden,Kamigawa,Fahrzeuge,Piloten,Friedhof
O,155,https://scryfall.com/card/neo/249/mechtitan-core,WU,Mittel,Mittel,Kreaturenschaden,Kamigawa,Fahrzeuge,,Friedhof
O,156,https://scryfall.com/card/war/24/parhelion-ii,WU,Mittel,Mittel,Kreaturenschaden,Kamigawa,Fahrzeuge,Piloten,Friedhof
O,157,https://scryfall.com/card/gtc/142/assemble-the-legion,RW,Leicht,Schnell,Kreaturenschaden,Ravnica,,Soldaten,"Viele Kreaturen,Angreifer"
O,158,https://scryfall.com/card/neo/227/the-kami-war-o-kagachi-made-manifest?back,WUBRG,Mittel,Langsam,Kreaturenschaden,Kamigawa,Verzauberungen,,"Schrein,Rampe,Friedhof"
O,159,https://scryfall.com/card/tneo/13/keimi,WB,Mittel,Langsam,Gebrechen,Kamigawa,Verzauberungen,,"Opfern,Friedhof"
O,160,https://scryfall.com/card/neo/460/soul-transfer,UB,Mittel,Langsam,Kreaturenschaden,Kamigawa,,,"Kontrolle,Scharfschütze,Friedhof"
O,161,https://scryfall.com/card/neo/493/satoru-umezawa,UBR,Mittel,Mittel,Kreaturenschaden,Kamigawa,,"Ninjas,Räuber",Ninjutsu
O,162,https://scryfall.com/card/sok/147/seek-the-horizon,GWU,Schwer,Langsam,Kreaturenschaden,,"Länder,Hexereien",,"Rampe,Kontrolle"
O,163,https://scryfall.com/card/m14/185/megantic-sliver,GWUB,Schwer,Langsam,Kreaturenschaden,,,"Remasuris,Gestaltwandler","Karten-Ziehen,Viele Kreaturen"
O,164,https://www.artofmtg.com/wp-content/uploads/2022/01/Tamiyo-Compleated-Sage-Kamigawa-Neon-Dynasty-MtG-Art.jpg,GU,Mittel,Langsam,Kreaturenschaden,,,,"Rampe,Karten-Ziehen,Viele Kreaturen"
O,165,https://scryfall.com/card/neo/199/kodama-of-the-west-tree,WUBRG,Mittel,Langsam,Kreaturenschaden,,Artefakte,,"Rampe,+1/+1-Marken,Viele Kreaturen,Sonneneruption"
O,166,https://scryfall.com/card/afr/53/demilich,UR,Mittel,Mittel,Kreaturenschaden,,"Hexereien,Spontanzauber",,"Wenige Kreaturen,Scharfschütze,Friedhof"
O,167,https://scryfall.com/card/neo/496/eater-of-virtue,WBR,Leicht,Schnell,Kreaturenschaden,,Ausrüstungen,,Angreifer
O,168,https://scryfall.com/card/gtc/199/spark-trooper,RW,Mittel,Schnell,Kreaturenschaden,,,,"Angreifer,Viele Kreaturen"
O,169,https://scryfall.com/card/neo/492/risona-asari-commander,RW,Leicht,Schnell,Kreaturenschaden,Kamigawa,Ausrüstungen,Samurai,Angreifer
O,170,https://scryfall.com/card/chk/265/oathkeeper-takenos-daisho,RW,Leicht,Schnell,Kreaturenschaden,Kamigawa,Ausrüstungen,"Samurai,Krieger",Angreifer
O,171,https://static.wikia.nocookie.net/mtgsalvation_gamepedia/images/7/7f/Norika_Yamazaki.jpg/revision/latest?cb=20220211194824,RW,Leicht,Schnell,Kreaturenschaden,Kamigawa,Auren,Samurai,Angreifer
O,172,https://scryfall.com/card/neo/327/asari-captain,RW,Mittel,Schnell,Kreaturenschaden,Kamigawa,,"Samurai,Krieger",Angreifer
O,173,https://scryfall.com/card/neo/25/light-paws-emperors-voice,GW,Mittel,Schnell,Kreaturenschaden,Kamigawa,Auren,,"Karten-Ziehen,Kontrolle,Friedhof"
O,174,https://external-preview.redd.it/vmTPD2_rsEyTcrjf01VgsgEKgVZ5BPJgQJE4G-tGq8s.jpg?auto=webp&s=5a748071739b400df43f806352d5c4489e7db11a,W,Leicht,Endlos,Unterstützer,,,,"Kontrolle,Verteidiger,Heiler,Friedhof"
O,175,https://scryfall.com/card/onc/28/urtet-remnant-of-memnarch,WUBRG,Mittel,Mittel,Kreaturenschaden,,Artefakte,Myr,"Rampe,Viele Kreaturen"
O,176,https://scryfall.com/card/ddj/19/train-of-thought,UB,Schwer,Langsam,Kreaturenschaden,,,,"Karten-Ziehen,Abwerfen,Friedhof"
O,177,https://media.magic.wizards.com/images/hero/jklhvuklcug9ce.jpg,WB,Schwer,Mittel,Kreaturenschaden,Dungeons&Dragons,,,"Hintergrund,Abenteurergruppe,Friedhof,Angreifer"
O,178,https://static.wikia.nocookie.net/forgottenrealms/images/6/66/Illithid_space_hamster-5e.jpg/revision/latest?cb=20190820003656,UB,Schwer,Langsam,Mill,Dungeons&Dragons,,Schrecken,"Hintergrund,Mill,Friedhof"
O,179,https://scryfall.com/card/afr/48/the-blackstaff-of-waterdeep,UR,Mittel,Langsam,Kreaturenschaden,Kamigawa,Artefakte,,"Viele Kreaturen,Karten-Ziehen"
O,180,https://scryfall.com/card/neo/84/tezzeret-betrayer-of-flesh,UR,Mittel,Langsam,Kreaturenschaden,Kamigawa,Artefakte,,"Karten-Ziehen,Friedhof"
O,181,https://scryfall.com/card/nec/14/kappa-cannoneer,UR,Mittel,Langsam,Kreaturenschaden,Kamigawa,Artefakte,,"Karten-Ziehen,Friedhof,+1/+1-Marken"
O,182,https://pbs.twimg.com/media/FS-VzhgXsAAM-jR?format=jpg&name=large,BGR,Schwer,Langsam,Kreaturenschaden,,,,"Friedhof,Karten-Ziehen"
O,183,https://scryfall.com/card/gtc/146/biovisionary,GU,Schwer,Langsam,Sondersieg,,,Gestaltwandler,"Rampe,Karten-Ziehen"
O,184,https://cdn11.bigcommerce.com/s-3b5vpig99v/images/stencil/1280x1280/products/569692/1078066/AncientBronzeDragon369__87460.1653688432.jpg?c=2,GU,Mittel,Langsam,Kreaturenschaden,,,,"Angreifer,Scharfschütze,Friedhof"
O,185,https://scryfall.com/card/m20/73/sages-row-denizen,UB,Mittel,Langsam,Mill,,,,"Mill,Blinker,Friedhof"
O,186,https://scryfall.com/card/khm/12/glorious-protector,WU,Mittel,Endlos,Mill,,,,"Mill,Blinker,Friedhof,Viele Kreaturen"
O,187,https://scryfall.com/card/neo/450/tameshi-reality-architect,WUR,Schwer,Endlos,Kreaturenschaden,Kamigawa,Artefakte,,"Karten-Ziehen,Friedhof,Blinker"
O,188,https://scryfall.com/card/nec/94/master-of-etherium,WU,Mittel,Langsam,Kreaturenschaden,Kamigawa,Artefakte,,"Karten-Ziehen,Viele Kreaturen,Armageddon"
O,189,https://scryfall.com/card/nec/34/myojin-of-grim-betrayal,WB,Leicht,Langsam,Kreaturenschaden,,,,"Scharfschütze,Armageddon,Wenige Kreaturen,Verrat"
O,190,https://scryfall.com/card/nec/3/kaima-the-fractured-calm,RGW,Mittel,Langsam,Kreaturenschaden,,Auren,,"Kontrolle,Wenige Kreaturen"
O,191,https://cdn11.bigcommerce.com/s-3b5vpig99v/images/stencil/1280x1280/products/571014/1082074/Minsc&BooTimelessHeroesArtCard72__37619.1655227887.jpg?c=2,URG,Leicht,Langsam,Kreaturenschaden,,Auren,,"Kontrolle,Wenige Kreaturen,+1/+1-Marken"
O,192,https://scryfall.com/card/neo/13/farewell,WB,Mittel,Langsam,Gebrechen,,,Kleriker,"Viele Kreaturen,Blinker,Armageddon"
O,193,https://scryfall.com/card/clb/228/earthquake-dragon,URG,Leicht,Mittel,Kreaturenschaden,Dungeons&Dragons,,Drachen,"Hintergrund,Rampe,Starke Kreaturen"
O,194,https://scryfall.com/card/clb/291/raggadragga-goreguts-boss,RG,Mittel,Mittel,Kreaturenschaden,,,,"Rampe,Viele Kreaturen,Starke Kreaturen"
O,195,https://scryfall.com/card/clb/276/gorion-wise-mentor,WUG,Schwer,Langsam,Kreaturenschaden,,,,"Abenteuer,Starke Kreaturen,Kontrolle"
O,196,https://scryfall.com/card/neo/99/hidetsugu-devouring-chaos,UBRG,Schwer,Langsam,Kreaturenschaden,,,,"Tore,Rampe,Karten-Ziehen,Friedhof"
O,197,https://scryfall.com/card/clb/208/wyll-blade-of-frontiers,URG,Mittel,Langsam,Kreaturenschaden,Dungeons&Dragons,,,"Hintergrund,Würfeln"
O,198,https://www.artofmtg.com/wp-content/uploads/2022/05/Baba-Lysaga-Night-Witch-Battle-for-Baldurs-Gate-MtG-Art.jpg,WBRG,Schwer,Langsam,Gebrechen,,,,"Opfern,Friedhof,Karten-Ziehen"
O,199,https://scryfall.com/card/apc/72/wild-research,WUBRG,Schwer,Langsam,Gebrechen,,Verzauberungen,,"Rampe,Karten-Ziehen,Friedhof"
O,200,https://cdnb.artstation.com/p/assets/images/images/049/600/539/large/livia-prima-raphael.jpg?1652871567,BR,Mittel,Mittel,Kreaturenschaden,,,"Dämonen,Tieflinge,Teufel",Angreifer
O,201,https://scryfall.com/card/nec/1/chishiro-the-shattered-blade,BRG,Mittel,Mittel,Kreaturenschaden,,"Ausrüstungen,Auren",,"Angreifer,Rampe,Viele Kreaturen"
O,202,https://scryfall.com/card/nec/64/ascendant-acolyte,RG,Leicht,Mittel,Kreaturenschaden,,,,"Viele Kreaturen,+1/+1-Marken"
O,203,https://scryfall.com/card/nec/26/kosei-penitent-warlord,GW,Mittel,Mittel,Kreaturenschaden,,"Ausrüstungen,Auren",,"Viele Kreaturen,+1/+1-Marken,Friedhof"
O,204,https://scryfall.com/card/clb/242/monster-manual-zoological-study,G,Leicht,Mittel,Kreaturenschaden,Dungeons&Dragons,,,"Starke Kreaturen,Karten-Ziehen,Rampe,Friedhof"
O,205,https://scryfall.com/card/plist/442/master-of-cruelties,UBR,Schwer,Langsam,Kreaturenschaden,,Ausrüstungen,,"Unblockbar,Abwerfen,Karten-Ziehen"
O,206,https://scryfall.com/card/clb/272/duke-ulder-ravengard,RW,Leicht,Mittel,Kreaturenschaden,Dungeons&Dragons,,,"Myriade,Angreifer"
O,207,https://www.artofmtg.com/wp-content/uploads/2022/08/Sheoldred-the-Apocalypse-2-Dominaria-United-MtG-Art.jpg,UB,Mittel,Langsam,Kreaturenschaden,,,,"Karten-Ziehen,Kontrolle"
O,208,https://www.artofmtg.com/wp-content/uploads/2021/01/Kaya-the-Inexorable-Variant-Kaldheim-MtG-Art.jpg,WB,Schwer,Langsam,Gebrechen,,"Artefakte,Verzauberungen",,"Opfern,Friedhof"
O,209,https://www.artofmtg.com/wp-content/uploads/2022/08/Liliana-of-the-Veil-Variant-Dominaria-United-MtG-Art-1536x864.jpg,BG,Mittel,Langsam,Kreaturenschaden,,,,"Gegner-Opfern,Abwerfen,Friedhof,Verrat"
O,210,https://scryfall.com/card/afr/88/asmodeus-the-archfiend,UB,Mittel,Langsam,Mill,,"Hexereien,Spontanzauber",,"Karten-Ziehen,Neutralisieren,Mill"
O,211,https://www.artofmtg.com/wp-content/uploads/2022/05/Laezel-Vlaakiths-Champion-Battle-for-Baldurs-Gate-MtG-Art.jpg,RGWU,Schwer,Langsam,Kreaturenschaden,,,,"Hintergrund,+1/+1-Marken,Viele Kreaturen"
O,212,https://scryfall.com/card/afr/8/dancing-sword,WUBRG,Leicht,Schnell,Kreaturenschaden,,"Ausrüstungen,Auren",,"Karten-Ziehen,Angreifer"
O,213,https://scryfall.com/card/neo/217/eiganjo-uprising,RW,Mittel,Mittel,Kreaturenschaden,,,,"Viele Kreaturen,Angreifer"
O,214,https://scryfall.com/card/afr/4/the-book-of-exalted-deeds,WB,Leicht,Mittel,Kreaturenschaden,,,Engel,"Heiler,Viele Kreaturen"
O,215,https://scryfall.com/card/ori/92/demonic-pact,UBR,Mittel,Langsam,Sondersieg,,,,"Verrat,Kontrolle,Blinker"
O,216,https://scryfall.com/card/clb/174/firbolg-flutist,UR,Mittel,Langsam,Kreaturenschaden,,,,"Verrat,Opfern,Kontrolle,Angreifer"
O,217,https://www.artofmtg.com/wp-content/uploads/2021/01/Invasion-of-the-Giants-Kaldheim-MtG-Art.jpg,UR,Leicht,Mittel,Kreaturenschaden,Kaldheim,,Riesen,"Scharfschütze,Armageddon,Angreifer"
O,218,https://scryfall.com/card/dmu/167/leaf-crowned-visionary,BG,Mittel,Langsam,Kreaturenschaden,,,Elfen,"Viele Kreaturen,Rampe,Karten-Ziehen,Friedhof"
O,219,https://scryfall.com/card/pls/20/allied-strategies,WUBRG,Mittel,Mittel,Kreaturenschaden,Dominaria,,,"Domäne,Rampe"
O,220,https://scryfall.com/card/pd3/14/entomb,WUB,Schwer,Mittel,Kreaturenschaden,,,,"Friedhof,Starke Kreaturen,Karten-Ziehen"
O,221,https://scryfall.com/card/bro/193/titania-voice-of-gaea,G,Schwer,Langsam,Kreaturenschaden,,Länder,,"Friedhof,Rampe,Selbst-Mill"
O,222,https://scryfall.com/card/bro/296/urza-prince-of-kroog,WU,Schwer,Langsam,Kreaturenschaden,,Artefakte,,"Karten-Ziehen,Rampe,Armageddon,Friedhof"
O,223,https://scryfall.com/card/dmc/41/rohgahh-kher-keep-overlord,BR,Mittel,Mittel,Kreaturenschaden,,,"Kobolde,Drachen",Angreifer
O,224,https://scryfall.com/card/bro/154/tyrant-of-kher-ridges,RG,Schwer,Mittel,Kreaturenschaden,,,Drachen,"Hintergrund,Rampe"
O,225,https://scryfall.com/card/bro/130/draconic-destiny,BR ,Mittel,Mittel,Kreaturenschaden,,,Drachen,"Prahlen,Angreifer,Friedhof"
O,226,https://scryfall.com/card/dmu/52/haughty-djinn,UR,Schwer,Langsam,Kreaturenschaden,,"Hexereien,Spontanzauber",,"Friedhof,Scharfschütze,Karten-Ziehen"
O,227,https://scryfall.com/card/bro/228/yotian-tactician,WU,Leicht,Mittel,Kreaturenschaden,,,Soldaten,Viele Kreaturen
O,228,https://scryfall.com/card/c21/93/gideon-champion-of-justice,WU,Mittel,Mittel,Kreaturenschaden,,"Hexereien,Spontanzauber",Soldaten,Viele Kreaturen
O,229,https://scryfall.com/card/dmu/203/jodah-the-unifier,WUBRG,Mittel,Langsam,Kreaturenschaden,,,,"Legendäre Kreaturen,Viele Kreaturen,Rampe,Karten-Ziehen"
O,230,https://scryfall.com/card/dmc/124/krenko-tin-street-kingpin,RG,Leicht,Schnell,Kreaturenschaden,,,,"Angreifer,+1/+1-Marken,Scharfschütze"
O,231,https://scryfall.com/card/lci/176/bedrock-tortoise,WUBRG,Leicht,Langsam,Kreaturenschaden,,,,"Verteidiger,Viele Kreaturen"
O,232,https://scryfall.com/card/chk/252/hair-strung-koto,WU,Mittel,Langsam,Mill,,,,"Verteidiger,Viele Kreaturen,Mill,Kontrolle"
O,233,https://www.artofmtg.com/wp-content/uploads/2022/12/Mishra-Lost-to-Phyrexia-The-Brothers-War-MtG-Art.jpg,RWB,Schwer,Langsam,Kreaturenschaden,,,,"Angreifer,Scharfschütze,Schätze"
O,234,https://www.artofmtg.com/wp-content/uploads/2022/08/Karn-Living-Legacy-Dominaria-United-MtG-Art.jpg,GWU,Schwer,Langsam,Kreaturenschaden,,Artefakte,,"Kraftsteine,Friedhof,Starke Kreaturen"
O,235,https://scryfall.com/card/one/10/elesh-norn-mother-of-machines,WBG,Schwer,Langsam,Giftmarken,Phyrexia,,Phyrexianer,"Toxisch,Angreifer,Viele Kreaturen"
O,236,https://scryfall.com/card/onc/1/ixhel-scion-of-atraxa,WBG,Mittel,Mittel,Giftmarken,Phyrexia,,Phyrexianer,"Toxisch,Angreifer,Viele Kreaturen"
O,237,https://scryfall.com/card/one/118/all-will-be-one,UR,Schwer,Langsam,Gebrechen,Phyrexia,,Phyrexianer,"Wucherung,Scharfschütze,Karten-Ziehen"
O,238,https://scryfall.com/card/dmu/192/ajani-sleeper-agent,GW,Leicht,Mittel,Giftmarken,Phyrexia,,Phyrexianer,"Toxisch,Angreifer,Viele Kreaturen"
O,239,https://scryfall.com/card/one/34/skrelvs-hive,WB,Mittel,Mittel,Giftmarken,Phyrexia,,Phyrexianer,"Toxisch,Angreifer"
O,240,https://scryfall.com/card/onc/12/phyresis-outbreak,WUBG,Mittel,Langsam,Giftmarken,Phyrexia,"Hexereien,Spontanzauber",Phyrexianer,Armageddon
O,241,https://scryfall.com/card/one/233/monument-to-perfection,WUBRG,Schwer,Langsam,Giftmarken,Phyrexia,Länder,,"Rampe,Friedhof,Viele Kreaturen"
O,242,https://scryfall.com/card/one/201/ezuri-stalker-of-spheres,GU,Schwer,Langsam,Sondersieg,Phyrexia,,Phyrexianer,"Wucherung,Karten-Ziehen"
O,243,https://scryfall.com/card/onc/2/neyali-suns-vanguard,RW,Leicht,Schnell,Kreaturenschaden,Phyrexia,Ausrüstungen,Rebellen,Angreifer
O,244,https://scryfall.com/card/one/138/koth-fire-of-resistance,R,Mittel,Mittel,Gebrechen,,Länder,,"Scharfschütze,Wenige Kreaturen"
O,245,https://scryfall.com/card/brr/3/altar-of-dementia,BG,Schwer,Langsam,Mill,,,,"Starke Kreaturen,Friedhof,Rampe,Mill"
O,246,https://scryfall.com/card/one/98/karumonix-the-rat-king,BG,Mittel,Mittel,Giftmarken,,,"Ratten,Phyrexianer","Viele Kreaturen,Toxisch"
O,247,https://scryfall.com/card/one/227/the-filigree-sylex,RG,Mittel,Langsam,Gebrechen,Phyrexia,,Phyrexianer,"Ölmarken,Viele Kreaturen"
O,248,https://scryfall.com/card/one/43/blue-suns-twilight,UR,Schwer,Langsam,Kreaturenschaden,,"Hexereien,Spontanzauber",Phyrexianer,"Karten-Ziehen,Kontrolle"
O,249,https://scryfall.com/card/one/213/ovika-enigma-goliath,UR,Schwer,Langsam,Kreaturenschaden,,"Hexereien,Spontanzauber",,"Viele Kreaturen,Rampe"
O,250,https://scryfall.com/card/mom/263/realmbreaker-the-invasion-tree,WUBG,Mittel,Langsam,Kreaturenschaden,Phyrexia,,"Phyrexianer,Prätoren","Rampe,Friedhof"
O,251,https://scryfall.com/card/one/82/archfiend-of-the-dross,BR,Mittel,Schnell,Kreaturenschaden,Phyrexia,,Phyrexianer,"Ölmarken,Angreifer,Friedhof"
O,252,https://scryfall.com/card/one/210/migloz-maze-crusher,BRG,Mittel,Schnell,Kreaturenschaden,Phyrexia,,Phyrexianer,"Ölmarken,Angreifer,Friedhof"
O,253,https://scryfall.com/card/bro/99/gixian-puppeteer,B,Mittel,Langsam,Gebrechen,,,,"Opfern,Karten-Ziehen,Friedhof"
O,254,https://scryfall.com/card/afc/23/death-tyrant,B,Mittel,Langsam,Gebrechen,Dungeons&Dragons,,,"Opfern,Karten-Ziehen,Friedhof,Gewölbe"
O,255,https://scryfall.com/card/mom/251/rampaging-geoderm,RG,Leicht,Mittel,Kreaturenschaden,Phyrexia,Schlachten,,Angreifer
O,256,https://scryfall.com/card/mom/243/joyful-stormsculptor,UR,Schwer,Langsam,Gebrechen,Phyrexia,Schlachten,,"Einberufen,Viele Kreaturen,Scharfschütze"
O,257,https://scryfall.com/card/mom/252/rankle-and-torbran,BRG,Leicht,Mittel,Kreaturenschaden,Phyrexia,Schlachten,,"Angreifer,Scharfschütze,Rampe"
O,258,https://scryfall.com/card/one/204/kaito-dancing-shadow,UB,Schwer,Schnell,Kreaturenschaden,Kamigawa,,"Ninjas,Räuber","Ninjutsu,Kontrolle"
O,259,https://scryfall.com/card/ltr/18/frodo-saurons-bane,WB,Mittel,Mittel,Sondersieg,Herr der Ringe,,,"Ringträger,Karten-Ziehen"
O,260,https://scryfall.com/card/ltr/166/fangorn-tree-shepherd,BG,Leicht,Mittel,Kreaturenschaden,Herr der Ringe,,Baumhirten,"Rampe,Starke Kreaturen,Viele Kreaturen"
O,261,https://scryfall.com/card/ltr/207/gandalf-the-grey,UR,Schwer,Langsam,Kreaturenschaden,,"Hexereien,Spontanzauber",,"Friedhof,Neutralisieren,Scharfschütze"
O,262,https://scryfall.com/card/ltc/3/galadriel-elven-queen,GU,Schwer,Langsam,Kreaturenschaden,Herr der Ringe,,Elfen,"Hellsicht,Abstimmung,Karten-Ziehen"
O,263,https://scryfall.com/card/ltr/234/tom-bombadil,WUBRG,Schwer,Langsam,Kreaturenschaden,,Sagen,,"Rampe,Friedhof,Scharfschütze"
O,264,https://scryfall.com/card/ltr/211/king-of-the-oathbreakers,WB,Mittel,Mittel,Kreaturenschaden,,,Geister,"Viele Kreaturen,Friedhof"
O,265,https://scryfall.com/card/ltc/8/saruman-the-white-hand,UBR,Schwer,Langsam,Kreaturenschaden,Herr der Ringe,"Hexereien,Spontanzauber",,"Ork-Aufmarsch,Kontrolle"
O,266,https://scryfall.com/card/ltr/223/saruman-of-many-colors,WUB,Schwer,Langsam,Mill,Herr der Ringe,,,"Ork-Aufmarsch,Mill,Friedhof,Verrat"
O,267,https://scryfall.com/card/ltc/60/lord-of-the-nazg%C3%BBl,UBR,Mittel,Langsam,Kreaturenschaden,Herr der Ringe,,Wraiths,"Ringträger,Kontrolle,Viele Kreaturen"
O,268,https://scryfall.com/card/ltr/228/shagrat-loot-bearer,UBR,Mittel,Mittel,Kreaturenschaden,Herr der Ringe,,,"Ork-Aufmarsch,Angreifer"
O,269,https://scryfall.com/card/ltr/103/orcish-bowmasters,UB,Schwer,Langsam,Gebrechen,,"Hexereien,Spontanzauber",,"Karten-Ziehen,Scharfschütze"
O,270,https://scryfall.com/card/ltc/32/gimli-of-the-glittering-caves,RW,Leicht,Schnell,Kreaturenschaden,Herr der Ringe,Ausrüstungen,,"Legendäre Kreaturen,Angreifer"
O,271,https://scryfall.com/search?q=sam+s%3Altc&unique=cards&as=grid&order=name,WBG,Mittel,Langsam,Kreaturenschaden,Herr der Ringe,,Halblinge,"Speisen,Ringträger,Legendäre Kreaturen"
O,272,https://scryfall.com/card/ltc/37/feasting-hobbit,WBG,Mittel,Mittel,Kreaturenschaden,Herr der Ringe,,Halblinge,Speisen
O,273,https://scryfall.com/card/ltc/61/merry-warden-of-isengard,WBG,Mittel,Mittel,Kreaturenschaden,Herr der Ringe,,Halblinge,"Speisen,Viele Kreaturen,Legendäre Kreaturen"
O,274,https://scryfall.com/card/ltc/226/shared-animosity,RW,Leicht,Mittel,Kreaturenschaden,Herr der Ringe,,Menschen,"Angreifer,Viele Kreaturen"
O,275,https://scryfall.com/card/ltc/5/aragorn-king-of-gondor,URW,Mittel,Mittel,Kreaturenschaden,Herr der Ringe,,Menschen,"Angreifer,Viele Kreaturen,Monarch"
O,276,https://scryfall.com/card/ltc/1/%C3%A9owyn-shieldmaiden,URW,Mittel,Mittel,Kreaturenschaden,Herr der Ringe,,Menschen,"Angreifer,Viele Kreaturen"
O,277,https://scryfall.com/card/mom/334/orthion-hero-of-lavabrink,BR,Schwer,Langsam,Gebrechen,,,,"Schätze,Opfern"
O,278,https://scryfall.com/card/mom/250/quintorius-loremaster,RW,Leicht,Mittel,Zauberschaden,,,,"Scharfschütze,Heiler"
O,279,https://scryfall.com/card/ltr/247/palant%C3%ADr-of-orthanc,UBG,Schwer,Langsam,Kreaturenschaden,,,,"Rampe,Starke Kreaturen,Friedhof"
O,280,https://scryfall.com/card/mom/26/knight-errant-of-eos,WU,Mittel,Langsam,Kreaturenschaden,,Schlachten,Ritter,"Viele Kreaturen,Kontrolle"
O,281,https://scryfall.com/card/ltr/204/friendly-rivalry,RG,Leicht,Mittel,Kreaturenschaden,,,,"Scharfschütze,Angreifer"
O,282,https://scryfall.com/card/dgm/80/lavinia-of-the-tenth,WU,Mittel,Langsam,Kreaturenschaden,,,,"Hintergrund,Blinker,Kontrolle,Karten-Ziehen"
O,283,https://scryfall.com/card/one/95/geth-thane-of-contracts,WBG,Schwer,Mittel,Kreaturenschaden,Phyrexia,,Phyrexianer,"Friedhof,Inkubieren,Rampe"
O,284,https://scryfall.com/card/mom/51/chrome-host-seedshark,WUBG,Mittel,Langsam,Kreaturenschaden,Phyrexia,"Hexereien,Spontanzauber",Phyrexianer,Inkubieren
O,285,https://scryfall.com/card/moc/2/brimaz-blight-of-oreskos,WUBG,Schwer,Langsam,Kreaturenschaden,Phyrexia,,Phyrexianer,"Inkubieren,Opfern,Friedhof"
O,286,https://scryfall.com/card/one/186/thrun-breaker-of-silence,GU,Mittel,Langsam,Kreaturenschaden,,"Sagen,Schlachten,Länder",,"Rampe,Karten-Ziehen"
O,287,https://scryfall.com/card/woe/286/cruel-somnophage-cant-wake-up,UB,Mittel,Langsam,Mill,,,,"Mill,Karten-Ziehen"
O,288,https://scryfall.com/card/dmc/27/greensleeves-maro-sorcerer,GU,Mittel,Langsam,Kreaturenschaden,,"Sagen,Schlachten,Länder",,"Rampe,Karten-Ziehen"
O,289,https://scryfall.com/card/bro/219/saheeli-filigree-master,WUR,Schwer,Langsam,Kreaturenschaden,,Artefakte,,"Karten-Ziehen,Friedhof,Hellsicht"
O,290,https://scryfall.com/card/one/19/kemba-kha-enduring,RW,Leicht,Schnell,Kreaturenschaden,,Ausrüstungen,Katzen,"Angreifer,Viele Kreaturen"
O,291,https://scryfall.com/card/c21/220/jor-kadeen-the-prevailer,RW,Leicht,Schnell,Kreaturenschaden,,Ausrüstungen,Menschen,"Legendäre Kreaturen,Angreifer"
O,292,https://scryfall.com/card/mul/4/kenrith-the-returned-king,WUBRG,Schwer,Langsam,Kreaturenschaden,,,,"Viele Kreaturen,Rampe,Aktivierte Fähigkeiten,Friedhof"
O,293,https://scryfall.com/card/ltc/6/gandalf-westward-voyager,GU,Mittel,Langsam,Kreaturenschaden,,,,"Rampe,Karten-Ziehen,Viele Kreaturen"
O,294,https://scryfall.com/card/jou/74/king-macar-the-gold-cursed,UB,Schwer,Langsam,Gebrechen,,,,"Enttappen,Friedhof,Selbst-Mill"
O,295,https://scryfall.com/card/woe/206/hylda-of-the-icy-crown,WU,Mittel,Langsam,Kreaturenschaden,,Verzauberungen,,"Tappen,Karten-Ziehen,Betäubungsmarken"
O,296,https://scryfall.com/card/woe/210/obyra-dreaming-duelist,WUB,Mittel,Langsam,Kreaturenschaden,Eldraine,,Feenwesen,"Kontrolle,Karten-Ziehen,Friedhof"
O,297,https://scryfall.com/card/woe/202/eriette-of-the-charmed-apple,WB,Leicht,Langsam,Gebrechen,Eldraine,Verzauberungen,,"Kontrolle,Karten-Ziehen,Friedhof"
O,298,https://scryfall.com/card/woe/220/beluna-grandsquall-seek-thrills,UBRG,Mittel,Langsam,Kreaturenschaden,Eldraine,,,"Abenteuer,Starke Kreaturen"
O,299,https://scryfall.com/card/woe/137/imodane-the-pyrohammer,RW,Leicht,Mittel,Gebrechen,,"Hexereien,Spontanzauber",,Scharfschütze
O,300,https://scryfall.com/card/clb/288/neera-wild-mage,UR,Mittel,Langsam,Gebrechen,,"Hexereien,Spontanzauber",,"Einberufen,Viele Kreaturen,Kontrolle"
O,301,https://scryfall.com/card/woe/78/ashiok-wicked-manipulator,BRG,Extrem,Langsam,Mill,,,,"Selbst-Mill,Friedhof,Exil,Mill,Karten-Ziehen"
O,302,https://scryfall.com/card/woc/2/ellivere-of-the-wild-court,GW,Mittel,Mittel,Kreaturenschaden,Eldraine,Auren,,"Karten-Ziehen,Viele Kreaturen"
O,303,https://scryfall.com/card/ltr/192/aragorn-the-uniter,WUBRG,Schwer,Langsam,Kreaturenschaden,,,,"Rampe,Starke Kreaturen"
O,304,https://scryfall.com/card/2x2/216/ghave-guru-of-spores,BGW,Mittel,Mittel,Giftmarken,,,,"Viele Kreaturen,Todesberührung,Toxisch,Angreifer"
O,305,https://scryfall.com/card/ltc/230/treasure-nabber,BR,Mittel,Langsam,Gebrechen,Herr der Ringe,,Goblins,"Opfern,Spielsteine,Karten-Ziehen"
O,306,https://scryfall.com/card/ltr/115/battle-scarred-goblin,BR,Leicht,Mittel,Sondersieg,,,Krieger,"Angreifer,Todesberührung"
O,307,https://scryfall.com/card/ltr/231/sm%C3%A9agol-helpful-guide,UBG,Schwer,Langsam,Kreaturenschaden,Herr der Ringe,,,"Ringträger,Opfern,Karten-Ziehen,Friedhof"
O,308,https://scryfall.com/card/one/339/nissa-ascended-animist,UBG,Schwer,Langsam,Kreaturenschaden,,Länder,,"Rampe,Selbst-Mill,Friedhof,Starke Kreaturen"
O,309,https://scryfall.com/card/ltr/193/arwen-mortal-queen,GW,Mittel,Langsam,Kreaturenschaden,Herr der Ringe,,,"Viele Kreaturen,+1/+1-Marken,Ringträger"
O,310,https://scryfall.com/card/ltr/19/gandalf-the-white,WU,Mittel,Endlos,Unterstützer,,,,"Karten-Ziehen,Kontrolle,Friedhof,Heiler"
O,311,https://scryfall.com/card/mom/265/sword-of-once-and-future,WUR,Leicht,Schnell,Kreaturenschaden,,Ausrüstungen,,"Angreifer,Erstschlag,Scharfschütze"
O,312,https://scryfall.com/card/ltc/35/arwen-weaver-of-hope,GU,Mittel,Mittel,Kreaturenschaden,Herr der Ringe,,Elfen,"Legendäre Kreaturen,Hellsicht,+1/+1-Marken"
O,313,https://scryfall.com/card/ltr/196/bilbo-retired-burglar,UR,Mittel,Langsam,Gebrechen,Herr der Ringe,"Hexereien,Spontanzauber",,"Ringträger,Kontrolle"
O,314,https://scryfall.com/card/mul/25/zada-hedron-grinder,RW,Mittel,Schnell,Kreaturenschaden,,Verstärkungszauber,,"Angreifer,Erstschlag"
O,315,https://scryfall.com/card/moc/1/bright-palm-soul-awakener,RGW,Leicht,Schnell,Kreaturenschaden,Phyrexia,,,"Hilfestellung,Angreifer,+1/+1-Marken"
O,316,https://scryfall.com/card/lci/88/aclazotz-deepest-betrayal-temple-of-the-dead,UB,Mittel,Mittel,Gebrechen,,Schlachten,,"Abwerfen,Karten-Ziehen"
O,317,https://scryfall.com/card/lci/229/gishath-suns-avatar,RGW,Leicht,Mittel,Kreaturenschaden,Ixalan,,Dinosaurier,"Rampe,Starke Kreaturen"
O,318,https://scryfall.com/card/mul/45/judith-the-scourge-diva,BR,Mittel,Langsam,Gebrechen,,,,"Opfern,Gegner-Opfern,Abwerfen,Friedhof,Scharfschütze"
O,319,https://scryfall.com/card/lci/337/bringer-of-the-last-gift,BR,Schwer,Langsam,Kreaturenschaden,,,,"Armageddon,Friedhof,Opfern,Gegner-Opfern"
O,320,https://scryfall.com/card/lci/67/ojer-pakpatiq-deepest-epoch-temple-of-cyclical-time,UR,Leicht,Langsam,Kreaturenschaden,,"Hexereien,Spontanzauber",,"Hintergrund,Friedhof,Kontrolle"
T,321,https://scryfall.com/card/lci/22/market-gnome,WU,Schwer,Langsam,Kreaturenschaden,Ixalan,Artefakte,,"Anfertigen,Viele Kreaturen,Kontrolle"
O,322,https://scryfall.com/card/lci/221/amalia-benavides-aguirre,WB,Mittel,Langsam,Gebrechen,Ixalan,,Vampire,"Heiler,Opfern,Friedhof"
O,323,https://scryfall.com/card/lci/236/nicanzil-current-conductor,GU,Leicht,Langsam,Kreaturenschaden,Ixalan,,Meervolk,"Erkunden,Rampe,Viele Kreaturen"
O,324,https://scryfall.com/card/lci/240/sovereign-okinec-ahau,GW,Mittel,Mittel,Kreaturenschaden,Ixalan,,Katzen,"Angreifer,Viele Kreaturen,+1/+1-Marken"
O,325,https://scryfall.com/card/stx/178/dina-soul-steeper,BG,Mittel,Langsam,Gebrechen,Strixhaven,,,"Opfern,Heiler,Lektion"
O,326,https://scryfall.com/card/moc/175/blade-splicer,W,Mittel,Mittel,Kreaturenschaden,,Verstärkungszauber,Golems,"Viele Kreaturen,Angreifer"
O,327,https://scryfall.com/card/c21/216/epic-experiment,UR,Schwer,Langsam,Zauberschaden,Strixhaven,"Hexereien,Spontanzauber",,"Scharfschütze,Karten-Ziehen"
O,328,https://scryfall.com/card/clb/759/in-garruks-wake,BR,Mittel,Mittel,Kreaturenschaden,,,Berserker,"Armageddon,Viele Kreaturen,Angreifer"
O,329,https://scryfall.com/card/stx/253/codie-vociferous-codex,UR,Schwer,Endlos,Unterstützer,,,,"Wenig Kreaturen,Kontrolle,Armageddon,Karten-Ziehen,Friedhof"
O,330,https://scryfall.com/card/dmu/202/jhoira-ageless-innovator,UR,Schwer,Langsam,Kreaturenschaden,Dominaria,Artefakte,,"Karten-Ziehen,Viele Kreaturen"
O,331,https://scryfall.com/card/woe/218/will-scion-of-peace,GWU,Schwer,Endlos,Unterstützer,,,,"Heiler,Karten-Ziehen"
O,332,https://scryfall.com/card/lci/56/the-everflowing-well-the-myriad-pools,UBRG,Mittel,Langsam,Kreaturenschaden,,,,"Rampe,Selbst-Mill,Friedhof,Starke Kreaturen"
O,333,https://scryfall.com/card/clb/265/astarion-the-decadent,WBG,Leicht,Langsam,Gebrechen,,,,"Lektion,Heiler"
O,334,https://scryfall.com/card/lci/285/sunken-citadel,WUBRG,Schwer,Langsam,Kreaturenschaden,Ixalan,Länder,,"Höhlen,Rampe,Friedhof"
O,335,https://scryfall.com/card/mkm/94/massacre-girl-known-killer,WUBRG,Leicht,Langsam,Unterstützer,,"Hexereien,Spontanzauber",,"Scharfschütze,Armageddon"
O,336,https://scryfall.com/card/lci/235/the-mycotyrant,WBG,Mittel,Langsam,Kreaturenschaden,,,"Pilzwesen,Saprolinge","Rampe,Viele Kreaturen,Starke Kreaturen"
O,337,https://scryfall.com/card/lci/137/breeches-eager-pillager,UBR,Mittel,Schnell,Kreaturenschaden,Ixalan,,Piraten,"Angreifer,Schätze"
O,338,https://scryfall.com/card/lci/153/hit-the-mother-lode,UR,Leicht,Langsam,Gebrechen,,Artefakte,,Schätze
O,339,https://scryfall.com/card/lci/266/throne-of-the-grim-captain-the-grim-captain,UBRG,Schwer,Langsam,Kreaturenschaden,Ixalan,,,"Anfertigen,Rampe,Selbst-Mill,Friedhof"
O,340,https://scryfall.com/card/ltc/225/scourge-of-the-throne,BRG,Mittel,Langsam,Kreaturenschaden,Dungeons&Dragons,,Drachen,"Hintergrund,Rampe,Starke Kreaturen"
O,341,https://scryfall.com/card/stx/96/de/drakonisches-eingreifen,URG,Mittel,Langsam,Kreaturenschaden,Dungeons&Dragons,,Drachen,"Hintergrund,Starke Kreaturen,Kontrolle"
O,342,https://scryfall.com/card/clb/271/the-council-of-four,GWU,Mittel,Langsam,Kreaturenschaden,Dungeons&Dragons,,,"Hintergrund,Gewölbe,Karten-Ziehen,Viele Kreaturen"
O,343,https://scryfall.com/card/clb/142/ravenloft-adventurer,UB,Mittel,Mittel,Kreaturenschaden,Dungeons&Dragons,,Räuber,"Hintergrund,Gewölbe,Angreifer"
O,344,https://scryfall.com/card/neo/89/blade-of-the-oni,UB,Mittel,Mittel,Kreaturenschaden,Dungeons&Dragons,,Räuber,"Hintergrund,Gewölbe,Angreifer"
O,345,https://scryfall.com/card/clb/49/white-plume-adventurer,WU,Schwer,Endlos,Kreaturenschaden,Dungeons&Dragons,,,"Hintergrund,Gewölbe,Viele Kreaturen,Kontrolle"
O,346,https://scryfall.com/card/one/211/nahiri-the-unforgiving,RW,Mittel,Langsam,Kreaturenschaden,,Planeswalker,,"Hintergrund,Viele Kreaturen"
O,347,https://scryfall.com/card/one/207/lukka-bound-to-ruin,RG,Leicht,Mittel,Kreaturenschaden,,,,"Rampe,Starke Kreaturen"
O,348,https://scryfall.com/card/mom/184/deeproot-wayfinder,RGW,Mittel,Langsam,Kreaturenschaden,Phyrexia,"Schlachten,Länder",,"Angreifer,Scharfschütze"
O,349,https://scryfall.com/card/mkm/245/yarus-roar-of-the-old-gods,RGW,Mittel,Langsam,Kreaturenschaden,Ravnica,,,"Verkleidung,Morph,Viele Kreaturen"
O,350,https://scryfall.com/card/clb/326/mirror-of-life-trapping,WU,Schwer,Endlos,Unterstützer,,,,"Hintergrund,Blinker,Kontrolle,Friedhof,Viele Kreaturen"
O,351,https://scryfall.com/card/stx/167/blot-out-the-sky,WB,Leicht,Mittel,Kreaturenschaden,Strixhaven,,,"Lektion,Viele Kreaturen,+1/+1-Marken"
O,352,https://scryfall.com/card/wot/50/sneak-attack,WUR,Schwer,Mittel,Kreaturenschaden,,,,"Starke Kreaturen,Angreifer,Blinker,Karten-Ziehen"
O,353,https://scryfall.com/card/clb/286/minthara-merciless-soul,RWB,Mittel,Langsam,Gebrechen,,,,"Hintergrund,Opfern,Scharfschütze,Karten-Ziehen"
O,354,https://scryfall.com/card/clb/277/jan-jansen-chaos-crafter,RWB,Mittel,Langsam,Kreaturenschaden,,,,"Hintergrund,Opfern,Scharfschütze,Karten-Ziehen"
O,355,https://scryfall.com/card/sld/1802/karlach-fury-of-avernus,RW,Leicht,Schnell,Kreaturenschaden,,Verstärkungszauber,,"Hintergrund,Angreifer"
O,356,https://scryfall.com/card/clb/90/renari-merchant-of-marvels,WU,Leicht,Langsam,Kreaturenschaden,Dungeons&Dragons,,Drachen,"Hintergrund,Kontrolle,Starke Kreaturen"
O,357,https://scryfall.com/card/clb/72/gale-waterdeep-prodigy,WU,Leicht,Langsam,Kreaturenschaden,,"Hexereien,Spontanzauber",,"Hintergrund,Viele Kreaturen,Karten-Ziehen"
O,358,https://scryfall.com/card/blb/180/innkeepers-talent,URG,Schwer,Langsam,Sondersieg,,Planeswalker,,"Karten-Ziehen,+1/+1-Marken,Wucherung"
O,359,https://scryfall.com/card/dsk/352/valgavoth-terror-eater,RWB,Mittel,Mittel,Kreaturenschaden,,,Kleriker,"Starke Kreaturen,Friedhof,Selbst-Mill,Karten-Ziehen"
O,360,https://scryfall.com/card/dmu/73/vesuvan-duplimancy,GU,Mittel,Langsam,Kreaturenschaden,,,,"Viele Kreaturen,+1/+1-Marken"
O,361,https://scryfall.com/card/blb/351/mabel-heir-to-cragflame,RW,Leicht,Schnell,Kreaturenschaden,Bloomburrow,Verstärkungszauber,Mäuse,"Tapfer,Angreifer"
O,362,https://scryfall.com/card/blb/242/zoraline-cosmos-caller,WB,Leicht,Mittel,Gebrechen,Bloomburrow,,Fledermäuse,"Heiler,Fliegend,Kontrolle"
O,363,https://scryfall.com/card/blc/21/agate-instigator,BR,Mittel,Schnell,Kreaturenschaden,Bloomburrow,,Eidechsen,"Angreifer,Viele Kreaturen"
O,364,https://scryfall.com/card/blb/227/muerra-trash-tactician,RG,Leicht,Mittel,Kreaturenschaden,Bloomburrow,,Waschbären,"Aufbieten,Angreifer,Viele Kreaturen"
O,365,https://scryfall.com/card/pblb/211p/dreamdew-entrancer,GU,Mittel,Langsam,Kreaturenschaden,Bloomburrow,,Frösche,"Blinker,Kontrolle,Karten-Ziehen"
O,366,https://scryfall.com/card/blb/379/bria-riptide-rogue,UR,Leicht,Langsam,Kreaturenschaden,Bloomburrow,"Hexereien,Spontanzauber",Otter,Bravour
O,367,https://scryfall.com/card/blc/102/hazel-of-the-rootbloom,BG,Mittel,Langsam,Kreaturenschaden,Bloomburrow,,Eichhörnchen,"Hamstern,Selbst-Mill,Viele Kreaturen"
O,368,https://scryfall.com/card/blb/38/warren-warleader,GW,Leicht,Mittel,Kreaturenschaden,Bloomburrow,,Kaninchen,"Viele Kreaturen,Angreifer"
O,369,https://scryfall.com/card/blb/221/kastral-the-windcrested,WU,Leicht,Mittel,Kreaturenschaden,Bloomburrow,,Vögel,"Viele Kreaturen,Fliegend"
O,370,https://scryfall.com/card/blb/239/vren-the-relentless,UB,Mittel,Mittel,Kreaturenschaden,Bloomburrow,,Ratten,"Grenzwert,Selbst-Mill,Viele Kreaturen"
O,371,https://scryfall.com/card/blb/386/thundertrap-trainer,UR,Mittel,Langsam,Kreaturenschaden,Bloomburrow,"Hexereien,Spontanzauber",Otter,Viele Kreaturen
O,372,https://scryfall.com/card/blb/187/pawpatch-recruit,GW,Leicht,Mittel,Kreaturenschaden,Bloomburrow,,Kaninchen,"Viele Kreaturen,Angreifer"
O,373,https://static.wikia.nocookie.net/magicthegathering/images/8/89/Ral%2C_Crackling_WitART3.jpg/revision/latest?cb=20240713090649&path-prefix=it,UR,Extrem,Langsam,Kreaturenschaden,Bloomburrow,"Hexereien,Spontanzauber",Otter,Einberufen
O,374,https://scryfall.com/card/blb/326/valley-mightcaller,GU,Leicht,Mittel,Kreaturenschaden,Bloomburrow,,Frösche,"Blinker,Viele Kreaturen,Karten-Ziehen"
O,375,https://scryfall.com/card/blc/48/steelburr-champion,RW,Mittel,Schnell,Kreaturenschaden,Bloomburrow,Verstärkungszauber,Mäuse,"Tapfer,Angreifer"
O,376,https://scryfall.com/card/blb/119/valley-rotcaller,BG,Leicht,Langsam,Kreaturenschaden,Bloomburrow,,Eichhörnchen,"Hamstern,Speisen,Viele Kreaturen"
O,377,https://scryfall.com/card/blb/139/hearthborn-battler,BR,Mittel,Schnell,Kreaturenschaden,Bloomburrow,,Eidechsen,"Angreifer,Viele Kreaturen,Scharfschütze"
O,378,https://scryfall.com/card/blb/129/byway-barterer,RG,Leicht,Mittel,Kreaturenschaden,Bloomburrow,,Waschbären,"Aufbieten,Angreifer,Viele Kreaturen"
T,379,https://scryfall.com/card/blb/107/rottenmouth-viper,UB,Mittel,Mittel,Gebrechen,Bloomburrow,,,"Abwerfen,Friedhof,Selbst-Mill"
O,380,https://scryfall.com/card/blb/205/baylen-the-haymaker,RGW,Mittel,Mittel,Kreaturenschaden,Bloomburrow,,Kaninchen,"Viele Kreaturen,Angreifer,+1/+1-Marken"
O,381,https://scryfall.com/card/blb/183/lumra-bellow-of-the-woods,BRG,Mittel,Langsam,Kreaturenschaden,,Länder,,"Hintergrund,Rampe,Friedhof,Selbst-Mill"
O,382,https://scryfall.com/card/clb/237/jaheira-friend-of-the-forest,GW,Mittel,Langsam,Kreaturenschaden,,,,"Hintergrund,Viele Kreaturen"
O,383,https://scryfall.com/card/blb/49/eluge-the-shoreless-sea,U,Mittel,Langsam,Sondersieg,,"Hexereien,Spontanzauber",,"Karten-Ziehen,Neutralisieren,Kontrolle"
O,384,https://scryfall.com/card/blc/78/liliana-of-the-dark-realms,B,Leicht,Langsam,Kreaturenschaden,,,,"Rampe,Scharfschütze,Karten-Ziehen"
O,385,https://scryfall.com/card/blb/289/maha-its-feathers-night,BR,Schwer,Langsam,Gebrechen,,,,"Hintergrund,Opfern,Scharfschütze,Friedhof"
O,386,https://scryfall.com/card/blb/215/glarb-calamitys-augur,BGU,Mittel,Langsam,Kreaturenschaden,,,,"Blinker,Selbst-Mill,Karten-Ziehen,Friedhof,Kontrolle"
O,387,https://scryfall.com/card/blb/291/dragonhawk-fates-tempest,UR,Leicht,Mittel,Gebrechen,Bloomburrow,"Hexereien,Spontanzauber",,"Scharfschütze,Karten-Ziehen"
O,388,https://scryfall.com/card/blb/217/helga-skittish-seer,GWU,Mittel,Langsam,Kreaturenschaden,,,,"Blinker,Starke Kreaturen,+1/+1-Marken"
O,389,https://scryfall.com/card/blc/44/wildsear-scouring-maw,RGW,Schwer,Langsam,Kreaturenschaden,,Verzauberungen,,"Hintergrund,Starke Kreaturen,Viele Kreaturen"
O,390,https://scryfall.com/card/blb/19/jolly-gerbils,WUB,Mittel,Endlos,Unterstützer,,"Hexereien,Spontanzauber",,"Kontrolle,Karten-Ziehen,Wenig Kreaturen"
O,391,https://scryfall.com/card/blb/314/wick-the-whorled-mind,UBR,Mittel,Langsam,Gebrechen,Bloomburrow,,Ratten,"Abwerfen,Viele Kreaturen"
O,392,https://scryfall.com/card/woe/97/lord-skitter-sewer-king,UBR,Schwer,Langsam,Gebrechen,Bloomburrow,,Ratten,"Viele Kreaturen,Friedhof"
O,393,https://scryfall.com/card/blc/4/zinnia-valleys-voice,URW,Mittel,Langsam,Kreaturenschaden,Bloomburrow,,Vögel,"Viele Kreaturen,Fliegend,Friedhof"
O,394,https://scryfall.com/card/blc/92/teferi-time-raveler,WU,Mittel,Endlos,Unterstützer,,,,"Kontrolle,Karten-Ziehen"
O,395,https://scryfall.com/card/blc/73/karn-the-great-creator,WUB,Extrem,Endlos,Kreaturenschaden,,Artefakte,,"Exil,Armageddon,Karten-Ziehen,Friedhof"
O,396,https://scryfall.com/card/lcc/6/don-andres-the-renegade,UBR,Schwer,Langsam,Kreaturenschaden,,,,"Verrat,Kontrolle"
O,397,https://scryfall.com/card/mul/53/niv-mizzet-reborn,WUBRG,Mittel,Langsam,Kreaturenschaden,,,,"Rampe,Domäne,Legendäre Kreaturen,Viele Kreaturen"
O,398,https://scryfall.com/card/woe/205/greta-sweettooth-scourge,BG,Mittel,Langsam,Kreaturenschaden,,,,"Speisen,Opfern,Friedhof"
O,399,https://scryfall.com/card/blb/283/season-of-weaving,UR,Mittel,Langsam,Kreaturenschaden,Bloomburrow,"Hexereien,Spontanzauber",Otter,Kontrolle
O,400,https://scryfall.com/card/lci/225/the-belligerent,UR,Mittel,Mittel,Kreaturenschaden,,"Hexereien,Spontanzauber",,"Schätze,Kontrolle,Friedhof"
O,401,https://scryfall.com/card/mkc/146/akroma-angel-of-fury,RG,Leicht,Mittel,Kreaturenschaden,,"Hexereien,Spontanzauber",,"Rampe,Armageddon,Wenig Kreaturen"
O,402,https://scryfall.com/card/mul/24/valduk-keeper-of-the-flame,RGW,Leicht,Mittel,Kreaturenschaden,,Ausrüstungen,,Angreifer
O,403,https://scryfall.com/card/dsk/230/roaring-furnace-steaming-sauna,UBR,Mittel,Langsam,Kreaturenschaden,Duskmourn,Verzauberungen,,"Raum,Karten-Ziehen,Kontrolle"
,404,https://scryfall.com/card/blc/226/kalonian-hydra,G,Leicht,Mittel,Kreaturenschaden,,,Hydren,"Rampe,Starke Kreaturen,+1/+1-Marken,Lektion"
,405,https://scryfall.com/card/mul/18/tymaret-chosen-from-death,BG,Leicht,Langsam,Kreaturenschaden,,,,"Selbst-Mill,Opfern,Friedhof,Heiler"
,406,https://scryfall.com/card/dsc/215/deadbridge-chant,BG,Mittel,Langsam,Gebrechen,,,,"Hintergrund,Selbst-Mill,Friedhof,Opfern"
,407,https://scryfall.com/card/stx/205/manifestation-sage,GU,Schwer,Langsam,Kreaturenschaden,Strixhaven,,,"Lektion,Rampe,Karten-Ziehen,+1/+1-Marken"
,408,https://scryfall.com/card/m3c/7/coram-the-undertaker,BRG,Mittel,Mittel,Kreaturenschaden,,,,"Angreifer,Selbst-Mill,Mill,Friedhof,Hintergrund"
,409,https://scryfall.com/card/mom/318/zimone-and-dina,BGU,Mittel,Langsam,Kreaturenschaden,,Länder,,"Opfern,Karten-Ziehen,Heiler,Friedhof"
,410,https://scryfall.com/card/fdn/345/ashroot-animist,RG,Leicht,Mittel,Kreaturenschaden,,,,"Rampe,Starke Kreaturen,Angreifer"
,411,https://scryfall.com/card/cmm/705/anikthea-hand-of-erebos,WBG,Mittel,Langsam,Gebrechen,,Verzauberungen,,"Kontrolle,Viele Kreaturen,Friedhof"
,412,https://scryfall.com/card/blb/218/hugs-grisly-guardian,RGW,Mittel,Mittel,Kreaturenschaden,,Verstärkungszauber,,"Angreifer,Exil,Starke Kreaturen"
